Property ID,Category,Maintained By,Name,Ward Number,Address,Unique ID
1000450101365,BURIAL GROUND,CORPORATION,BURIAL GROUND,45,NARAYANASAMY LAYOUT,1000450400001
1000450101110,MARRIAGE HALL,PRIVATE,GIRINATH MARRIAGE HALL,45,KANNAN NAGAR,1000450400002
1000450100068,GODOWN,PRIVATE,WASTE GODOWN,45,BALAJI LAYOUT,1000450400003
1000450101052,HOSPITAL,STATE,VETERINARY HOSPITAL,45,KANARAJAPUR 3RD STREET,1000450400004
1000490100012,PARK,CORPORATION,CORPORATION PARK,49,MARUTHAKUTTI STREET,1000490400003
1000490100087,PARK,CORPORATION,CORPORATION PARK,49,MARUTHAKUTTI STREET,1000490400002
1000490100531,HOSPITAL,CORPORATION,DISPENSARY,49,SAMPATH STREET,1000490400001
1000480101303,BURIAL GROUND,CORPORATION,BURIAL GROUND,48,LAKSHMIPURAM MAIN ROAD EXTENSION,1000480400002
1000480100006,HOSPITAL,PRIVATE,SRI SINDHU HOSPITAL,48,BALASUNDARAM STREET,1000480400001
1000500100098,HOSPITAL,PRIVATE,M R HOSPITAL,50,DR.SIVANANDA NAGAR,1000500400001
1000500100096,HOSPITAL,PRIVATE,METRO HEART CENTRE,50,DR.SIVANANDA NAGAR,1000500400002
1000500100867,HOSPITAL,PRIVATE,SHEELA CLINIC,50,TATABAD STREET 1,1000500400003
1000500100115,HOSPITAL,PRIVATE,SENGOTTAYAN HOSPITAL,50,TATABAD STREET 2,1000500400004
1000500100674,HOSPITAL,PRIVATE,SENGOTTAYAN HOSPITAL,50,DR.RADHAKRISHNAN ROAD,1000500400005
1000500100036,MARRIAGE HALL,PRIVATE,KARANATAKA ASSOCIATION KALYANA MANDAPAM,50,DR.RADHAKRISHNAN ROAD,1000500400006
1000500100958,PARK,CORPORATION,CORPORATION PARK,50,RAJU NAIDU ROAD,1000500400007
1000510100833,PARK,CORPORATION,SEM MOZHI PARK,51,SWARNAMBIKA LAYOUT,1000510400031
1000510100601,HOSPITAL,STATE,EMPLOYEES STATE INSURANCE DISPENSARY,51,LAJAPATHI RAI STREET,1000510400030
1000510101493,HOSPITAL,PRIVATE,KOVAI SCAN CENTRE,51,DR ALAGAPPA CHETTIYAR ROAD,1000510400029
1000510100955,HOSPITAL,PRIVATE,CSR HOSPITAL,51,GANDHIPURAM 7TH STREET EXTENSION,1000510400028
1000510100724,HOSPITAL,PRIVATE,KRISHNA NURSING HOSPITAL,51,SWARNAMBIKA LAYOUT,1000510400027
1000510100725,HOSPITAL,PRIVATE,GANGA HOSPITAL,51,SWARNAMBIKA LAYOUT,1000510400026
1000510100603,HOSPITAL,CORPORATION,CORPORATION HOSPITAL,51,KALINGARAYAN STREET,1000510400025
1000510100269,HOSPITAL,PRIVATE,JEEVAN CLINIC HOSPITAL,51,GANDHIPURAM 5TH STREET,1000510400024
1000510100250,HOSPITAL,PRIVATE,CLARITY IMAGING CENTRE,51,GOKULE STREET,1000510400023
1000510100721,HOSPITAL,PRIVATE,SK PHARMACY,51,SWARNAMBIKA LAYOUT,1000510400022
1000510101527,HOSPITAL,PRIVATE,LALITHA HOSPITAL,51,PONNAY STREET,1000510400021
1000510100762,HOSPITAL,PRIVATE,SHEELA CLINIC,51,POWER HOUSE ROAD,1000510400020
1000510100343,HOSPITAL,PRIVATE,V G HOSPITAL,51,GANDHIPURAM 9TH STREET,1000510400019
1000510100761,HOSPITAL,PRIVATE,KONGUNADU HOSPITAL,51,TATABAD 11TH STREET,1000510400018
1000510100773,HOSPITAL,PRIVATE,KONGUNADU HOSPITAL,51,TATABAD 11TH STREET,1000510400017
1000510101264,HOSPITAL,PRIVATE,KONGU NADU HOSPITAL HOSTEL,51,TATABAD 9TH STREET,1000510400016
1000510101684,HOSPITAL,PRIVATE,GANGA HOSPITAL HOSTEL,51,PONNAY STREET,1000510400015
1000510101116,HOSPITAL,PRIVATE,SHEELA HOSPITAL,51,DR RAJENDRAPRASAD ROAD,1000510400014
1000510101491,HOSPITAL,PRIVATE,ARYA VAISA SALAI,51,DR RAJENDRAPRASAD ROAD,1000510400013
1000510100628,HOSPITAL,PRIVATE,WOMEN & CHILD CARE HOSPITAL,51,DR RAJENDRAPRASAD ROAD,1000510400012
1000510100797,HOSPITAL,PRIVATE,MEENA EYE HOSPITAL,51,VIVEKANANDA ROAD,1000510400011
1000510100458,HOSPITAL,PRIVATE,VIVEKS HOSPITAL,51,DR RAJENDRAPRASAD ROAD,1000510400010
1000510100865,HOSPITAL,PRIVATE,VIVEKS HOSPITAL,51,DR RAJENDRAPRASAD ROAD,1000510400009
1000510100424,HOSPITAL,PRIVATE,THE BALAKRISHNA HOSPITAL,51,DR RAJENDRAPRASAD ROAD,1000510400008
1000510100811,HOSPITAL,PRIVATE,KMCH DENTAL HOSPITAL,51,VIVEKANANDA ROAD,1000510400007
1000510100815,HOSPITAL,PRIVATE,KMCH DIAGNOSTIC HOSPITAL,51,VIVEKANANDA ROAD,1000510400006
1000510101683,HOSPITAL,PRIVATE,S P T HOSPITAL,51,VIVEKANANDA ROAD,1000510400005
1000510101018,HOSPITAL,STATE,EMPLOYEES STATE INSURANCE DISPENSARY,51,DR RADHAKRISHNAN ROAD,1000510400004
1000510101509,HOSPITAL,PRIVATE,WOMENS CLINIC AND SCAN CENTRE,51,SN DAS LAYOUT 3,1000510400003
1000510100605,MARRIAGE HALL,CORPORATION,CORPORATION MARRIAGE HALL,51,LAJAPATHI RAI STREET,1000510400002
1000510100602,DAILY MARKET,CORPORATION,CORPORATION MARKET,51,KALINGARAYAN STREET,1000510400001
1000520100603,MARRIAGE HALL,PRIVATE,BAYER ARULTHANTHAI MANDABAM,52,LAKSHMAN NAGAR 2ND STREET,1000520400015
1000520100769,HOSPITAL,PRIVATE,NANDHA HOSPITAL,52,BHARATHIYAR ROAD,1000520400014
1000520100769,HOSPITAL,PRIVATE,N P CLINIC,52,N.G.NARAYANASWAMY STREET,1000520400013
1000520100835,GODOWN,PRIVATE,GODOWN,52,THIRUVALLUVAR STREET,1000520400012
1000520100990,GODOWN,PRIVATE,GODOWN,52,N.V.N LAYOUT,1000520400011
1000520100981,HOSPITAL,PRIVATE,SHIRALAYA CLINIC,52,VENKATASWAMY  ROAD,1000520400010
1000520101027,BUS STAND,STATE,THIRUVALLUVAR TRANSPORT,52,BHARATHIYAR ROAD,1000520400009
1000520100848,COMMUNITY HALL,PRIVATE,RENORATED COMMUNITY HALL,52,VENKATASWAMY  ROAD,1000520400008
1000520101031,HOSPITAL,PRIVATE,T S HOSPITAL,52,N.V.N LAYOUT,1000520400007
1000520100717,HOSPITAL,PRIVATE,GP HOSPITAL,52,SATHY ROAD,1000520400006
1000520100469,HOSPITAL,PRIVATE,ELLEN HOSPITAL,52,SATHY ROAD,1000520400005
1000520100472,HOSPITAL,PRIVATE,N G M HOSPITAL,52,DR RAJENDRAPRASAD ROAD,1000520400004
1000520100330,HOSPITAL,PRIVATE,MULTIKULANGARAI VAITHIYASALAI,52,SATHY 1ST CROSS CUT STREET,1000520400003
1000520100124,BUS STAND,STATE,BUS STAND,52,SATHY ROAD,1000520400002
1000520100123,BURIAL GROUND,CORPORATION,BURIAL GROUND,52,SASTRI NAGAR,1000520400001
1000530101016,HOSPITAL,PRIVATE,RAMAKRISHNA HOSPITAL,53,SAROJINI ROAD,1000530400012
1000530100700,COMMUNITY HALL,CENTRAL,IT & CEX QUARTERS COMMUNITY HALL,53,CERIAN KANDATHAU COLONY,1000530400011
1000530100847,GODOWN,CENTRAL,FOOD CORPORATION GODOWN,53,CHINNASWAMY ROAD,1000530400010
1000530100126,PARK,CORPORATION,CORPORATION CHILDREN PARK,53,HARI PURAM,1000530400009
1000530100177,HOSPITAL,PRIVATE,CHILDRENS HOSPITAL,53,SAROJINI ROAD,1000530400008
1000530100554,CREMATORIUM,CORPORATION,COIMBATORE CORPORATION CREMATORIUM,53,100 SCHEME ROAD,1000530400007
1000530101017,MARRIAGE HALL,PRIVATE,RAMAKRISHNA MANDAPAM,53,SAROJINI ROAD,1000530400006
1000530100940,HOSPITAL,PRIVATE,ISHWARYA HOSPITAL,53,SAROJINI ROAD,1000530400005
1000530100882,HOSPITAL,PRIVATE,G.R.N HOSPITAL,53,B.K.R NAGAR,1000530400004
1000530100547,HOSPITAL,PRIVATE,BALA CLINIC,53,VENKATASWAMY ROAD,1000530400003
1000530100791,HOSPITAL,PRIVATE,BALAJI DENTAL CLINIC,53,CERIAN KANDATHAU COLONY,1000530400002
1000530100630,HOSPITAL,PRIVATE,ASHWIN HOSPITAL,53,ALAMU NAGAR,1000530400001
1000540100214,HOSPITAL,PRIVATE,DEVASRI DENTAL CLINIC,54,SATHYAMOORTHI ROAD,1000540400011
1000540100674,HOSPITAL,PRIVATE,KALPANA HOSPITAL,54,SASTHIRI ROAD,1000540400010
1000540100779,HOSPITAL,STATE,ESI DISPENSARY,54,DR.NANJAPPA ROAD,1000540400009
1000540100009,HOSPITAL,PRIVATE,ARUN HOSPITAL,54,DR.NANJAPPA ROAD,1000540400008
1000540100348,HOSPITAL,PRIVATE,NSP HOSPITAL,54,DR.NANJAPPA ROAD,1000540400007
1000540100415,HOSPITAL,PRIVATE,BALA CLINIC,54,ANSARI STREET,1000540400006
1000540100393,HOSPITAL,PRIVATE,REENA CLINIC,54,ANSARI STREET,1000540400005
1000540100507,HOSPITAL,PRIVATE,SURGICARE CLINIC,54,SENGUPTA STREET,1000540400004
1000540100634,HOSPITAL,PRIVATE,PONNAMMAL DURAISAMY EYE HOSPITAL,54,SENGUPTA STREET,1000540400003
1000540100582,PLAY GROUND,CORPORATION,SCHOOL PLAY GROUND,54,VIVEKANANDA ROAD,1000540400002
1000540100656,MARRIAGE HALL,PRIVATE,S N V KALYANA MANDABAM,54,MALAVIA STREET,1000540400001
1000640100939,BUS STAND,STATE,SINGANALLUR BUS STAND,64,KAMALA MILL KUTTAI,1000640400006
1000640100064,HOSPITAL,PRIVATE,PERKS MEDICAL CENTRE,64,PERKS COMPOUND,1000640400005
1000640101355,COMMUNITY HALL,CORPORATION,CO-OPERATIVE SOCIETY,64,SRINIVASA NAGAR,1000640400004
1000640101580,MARRIAGE HALL,CORPORATION,J.J.THIRUMANA MANDAPAM,64,TAMIL NADU HOUSING BOARD,1000640400003
1000640100046,COMMUNITY HALL,CORPORATION,CORPORATION COMMUNITY HALL,64,KAMALA MILL KUTTAI,1000640400002
1000640100820,MARRIAGE HALL,PRIVATE,VENKATALAKSHMI THIRUMANA MANDAPAM,64,VENKATALAKSHMI NAGAR,1000640400001
1000620100883,MARRIAGE HALL,PRIVATE,ARUL SHAKTHI KALYANA MANDAPAM,62,NEELIKONAMPALAYAM ROAD,1000620400001
1000620100051,MARRIAGE HALL,PRIVATE,SRI BALAJI MAHAL THIRUMANA MANDAPAM,62,NEHRU POONGA ROAD,1000620400002
1000620100248,HOSPITAL,PRIVATE,VELA HOSPITAL,62,RELIANCE GARDEN,1000620400003
1000620100147,PARK,CORPORATION,GANDHI PARK,62,KRISHNA GARDENS,1000620400004
1000580100901,PARK,CORPORATION,CHILDREN PARK,58,THACHAN THOTTAM STREET,1000580400001
1000580101349,COMMUNITY HALL,CORPORATION,COMMUNITY HALL,58,VINAYAGAR NAGAR,1000580400002
1000580100352,COMMUNITY HALL,CORPORATION,COMMUNITY HALL,58,THACHAN THOTTAM STREET,1000580400003
1000580101993,PARK,PRIVATE,CHILDREN PARK,58,THULASIAMMAL LAYOUT,1000580400004
1000580101474,MARRIAGE HALL,PRIVATE,RANGASAMY THIRUMANA MAHAL,58,RAMANUJA NAGAR MAIN ROAD,1000580400005
1000570101547,HOSPITAL,PRIVATE,SRINIVASH DENTAL CLINIC,57,KAMARAJ ROAD,1000570400007
1000570101767,HOSPITAL,PRIVATE,BANGARAU HOSPITAL,57,KAMARAJ ROAD,1000570400006
1000570103267,HOSPITAL,PRIVATE,RAM VEL HOSPITAL,57,BHARATHI NAGAR-3,1000570400005
1000570100031,HOSPITAL,STATE,E S I HOSPITAL,57,KAMARAJ ROAD,1000570400004
1000570101579,MARRIAGE HALL,PRIVATE,MANI MAHAL,57,CHITHRA COLONY,1000570400003
1000570100658,HEALTH CENTRE,QUASI,I C D S HEALTH CENTRE,57,UPPILIPALAYAM MAIN ROAD,1000570400002
1000570100676,COMMUNITY HALL,CORPORATION,CORPORATION SAMUTHAYA KUDAM,57,MASAKALI PALAYAM ROAD,1000570400001
1000590101841,PARK,CORPORATION,ULAGA TAMIL SEMMOZHI POONGA,59,R.K.K.NAGAR,1000590400003
1000590101434,MARRIAGE HALL,PRIVATE,PALANIAPPA GOUNDAR KALYANA MANDABAM,59,VASANTHA MILL ROAD,1000590400002
1000720100116,PLAY GROUND,STATE,NEHRU STADIUM,72,SRIKANTH EXTENSION,1000720400013
1000720100535,HOSPITAL,CORPORATION,CORPORATION HOSPITAL,72,SRIKANTH EXTENSION,1000720400012
1000720100083,PLAY GROUND,STATE,NEHRU STADIUM,72,STADIUM ROAD,1000720400011
1000720100551,HOSPITAL,PRIVATE,SAKTHI HOSPITAL,72,DR. NANJAPPA ROAD,1000720400010
1000720100007,PARK,CORPORATION,CHILDREN PARK,72,KALESHWARA MILL ROAD,1000720400009
1000720100775,PLAY GROUND,STATE,TOWN EAST POLICE STADIAM,72,AVINASHI ROAD,1000720400008
1000720100015,MARRIAGE HALL,CORPORATION,COIMBATORE CORPORATION KALYANA MANDAPAM,72,UMA NAMA NAGAR 1,1000720400007
1000720100005,PARK,CORPORATION,VOC PARK,72,L.I.C ROAD,1000720400006
1000720100005,PLAY GROUND,STATE,NEHRU STADIUM,72,V.O.C.PARK ROAD,1000720400005
1000720100340,PARK,CORPORATION,VOC PARK,72,V.O.C.PARK ROAD,1000720400004
1000720100054,PARK,CORPORATION,VOC PARK,72,L.I.C ROAD,1000720400003
1000720100223,PARK,STATE,NEHRU STADIUM,72,LIBRARY ROAD,1000720400002
1000720100055,PARK,CORPORATION,BADMINTON ASSOCIATION CLUB,72,DR. NANJAPPA ROAD,1000720400001
1000710100314,MARRIAGE HALL,PRIVATE,VIGNESH MAHAL,71,PULIYAKULAM ROAD,1000710400010
1000710100224,MARRIAGE HALL,CORPORATION,CORPORATION KALYANA MANDAPAM,71,SOURIMUTHU STREET,1000710400009
1000710100603,MARRIAGE HALL,PRIVATE,RANGANAYAKI AMMAL KALYANA MANDAPAM,71,AVINASHI ROAD,1000710400008
1000710100321,BURIAL GROUND,CORPORATION,BURIAL GROUND,71,PULIYAKULAM ROAD,1000710400007
1000710100064,BURIAL GROUND,CORPORATION,BURIAL GROUND,71,PULIYAKULAM ROAD,1000710400006
1000710100307,HOSPITAL,PRIVATE,OM SAKTHI HOSPITAL,71,APPUSAMY LAYOUT,1000710400005
1000710100167,HOSPITAL,PRIVATE,RICHMOND HOSPITAL,71,BHARATHIDHASAN NAGAR,1000710400004
1000710100277,HOSPITAL,PRIVATE,JOHARS  HOSPITAL TRUST,71,KAMARAJ ROAD,1000710400003
1000710100570,HOSPITAL,PRIVATE,GOOGLIE CLINIC,71,N.K.P MUTHUSAMY LAYOUT,1000710400002
1000710100407,HOSPITAL,PRIVATE,THE MASANIC CHARITIES,71,RACE COURSE ROAD,1000710400001
1000730100717,HOSPITAL,STATE,GOVERNMENT HOSPITAL,73,TRICHY ROAD,1000730400001
1000730100627,HOSPITAL,STATE,GOVERNMENT HOSPITAL,73,TRICHY ROAD,1000730400002
1000730100622,HOSPITAL,STATE,GOVERNMENT HOSPITAL,73,TRICHY ROAD,1000730400003
1000730100024,HOSPITAL,STATE,GOVERNMENT HOSPITAL,73,TRICHY ROAD,1000730400004
1000730100650,HOSPITAL,STATE,GOVERNMENT HOSPITAL,73,TRICHY ROAD,1000730400005
1000730100132,HOSPITAL,STATE,GOVERNMENT HOSPITAL,73,TRICHY ROAD,1000730400006
1000730100717,HOSPITAL,STATE,THE NURSE GH QUARTERS,73,TRICHY ROAD,1000730400007
1000730100237,HOSPITAL,PRIVATE,DHAYALAMMAL POLY CLINIC,73,SUNDARESA IYYAR LAYOUT,1000730400008
1000730100192,HOSPITAL,PRIVATE,SREE RANJITH POLY CLINIC,73,SUNDARESA IYYAR LAYOUT,1000730400009
1000730100499,HOSPITAL,PRIVATE,EYE CARE HOSPITAL,73,POLICE KANDASAMY ROAD,1000730400010
1000730100081,HOSPITAL,PRIVATE,NEMINATHAN HOSPITAL,73,TRICHY ROAD,1000730400011
1000730100595,HOSPITAL,PRIVATE,SRI KRISHNA CHILD CARE,73,GANDHI NAGAR HUTS,1000730400012
1000730100363,PARK,CORPORATION,CORPORATION PARK,73,TRICHY ROAD,1000730400013
1000730100830,HOSPITAL,PRIVATE,ISAIAH HOSPITAL,73,HOSUR ROAD,1000730400014
1000730100801,HOSPITAL,PRIVATE,K G HOSPITAL,73,ARTS COLLEGE ROAD,1000730400015
1000730100124,MARRIAGE HALL,COMMUNITY,CSI KALYANAMANDAPAM,73,HEAD QUATERS ROAD,1000730400016
1000730100054,HOSPITAL,PRIVATE,JAYARAJ K P A HOSPITAL,73,AVINASHI ROAD,1000730400017
1000730100678,TRAVELLERS BUNGALOW,STATE,TRAVELLERS BUNGALOW,73,TRAVELLERS BUNGALOW ROAD,1000730400018
1000730100055,COMMUNITY HALL,COMMUNITY,MEMORIAL HALL,73,RACECOURCE ROAD,1000730400019
1000730100048,HEALTH CENTRE,STATE,HEALTH CENTRE,73,RACECOURCE ROAD,1000730400020
1000730100394,HOSPITAL,PRIVATE,R A HOSPITAL,73,POLICE KANDASAMY ROAD,1000730400021
1000700100338,HEALTH CENTRE,CORPORATION,CORPORATION HEALTH CARE CENTER,70,CORPORATION COLONY,1000700400002
1000700100643,HOSPITAL,PRIVATE,SHREE HOSPITAL,70,PULIYAKULAM ROAD,1000700400001
1000250100616,PARK,CORPORATION,ANNA POONGA,25,THIYAGARAYA PUDU STREET 2,1000250400004
1000250100207,HOSPITAL,STATE,GOVERNMENT HOSPITAL,25,PATTUPUCHI SANDHU,1000250400003
1000250100587,HOSPITAL,CORPORATION,SEETHALAKSHMI MATERNITY CENTRE,25,KRISHNASAMY ROAD,1000250400002
1000250100952,HOSPITAL,PRIVATE,DR.REX ORTHO HOSPITAL,25,R R LAYOUT,1000250400001
1000810100424,MARRIAGE HALL,PRIVATE,K R MAHAL,81,CMC COLONY,1000810400007
1000810100419,MARRIAGE HALL,CORPORATION,CORPORATION MARRIGE HALL,81,THIRUMAL STREET,1000810400006
1000810100189,MARRIAGE HALL,CORPORATION,CORPORATION MANDAPAM,81,SURIAN STREET,1000810400005
1000810100001,HOSPITAL,PRIVATE,ICC HOSPITAL,81,ISMAIL STREET,1000810400004
1000810100334,HOSPITAL,STATE,VETERINARY HOSPITAL,81,ISMAIL STREET,1000810400003
1000810100005,HOSPITAL,PRIVATE,TELUGUPALAYAM HOSPITAL,81,BIG BAZAR STREET,1000810400002
1000810100114,HOSPITAL,PRIVATE,MOSES GNANAPARANAM HOSPITAL,81,BIG BAZAR STREET,1000810400001
1000830100152,DAILY MARKET,CORPORATION,THIYAGI KUMARAN MARKET,83,BIG BAZAR STREET,1000830400004
1000830100281,HOSPITAL,PRIVATE,PRASANNA HOMEO CLINIC,83,BIG BAZAR STREET,1000830400003
1000830100082,MARRIAGE HALL,PRIVATE,KALYANA MANDABAM,83,VAISYAL STREET,1000830400002
1000830100193,MARRIAGE HALL,PRIVATE,SRI VASAVI MAHAL,83,VAISYAL STREET,1000830400001
1000840100626,MARRIAGE HALL,CORPORATION,C M C KALYANA MANDABAM,84,DHARMARAJA KOVIL STREET,1000840400001
1000840100424,HOSPITAL,CORPORATION,GOVERNMENT HOSPITAL,84,VAISYAL STREET,1000840400002
1000840100136,SLAUGHTER HOUSE,STATE,SLAUGHTER HOUSE,84,OPPANAKKARA STREET,1000840400003
1000840100161,DAILY MARKET,CORPORATION,CORPORATION MARKET,84,RAMAR KOVIL STREET,1000840400004
1000840100375,COMMUNITY HALL,CORPORATION,SAMUTHAYA KOODAM,84,RAMAR KOVIL STREET,1000840400005
1000840100424,HOSPITAL,CORPORATION,GOVERMENT HOSPITAL,84,VAISYAL STREET,1000840400006
1000820100203,BUS STAND,STATE,UKKADAM BUS STAND,82,PALAKKAD ROAD,1000820400003
1000820100123,GODOWN,PRIVATE,POTHYS GODOWN,82,NAVAB HAKKIM ROAD,1000820400002
1000820100083,COMMUNITY HALL,PRIVATE,NALLAJAN SAMUTHAYA KOODAM,82,B K CHETTY STREET,1000820400001
1000680100177,PARK,CORPORATION,CORPORATION PARK,68,KANNIKA PARAMESHWARI LAYOUT,1000680400006
1000680100255,PARK,CORPORATION,CORPORATION PARK,68,KANNIKA PARAMESHWARI LAYOUT,1000680400005
1000680100714,COMMUNITY HALL,PRIVATE,LOGIYA SINDHANAI MANDRAM,68,BAJANAI KOVIL STREET,1000680400004
1000680100852,HOSPITAL,PRIVATE,RICHMOND DENTAL CLINIC,68,NACHIYANNA ANGANNAN STREET,1000680400003
1000680100487,HOSPITAL,PRIVATE,R.K HOSPITAL,68,SUBRAMANIAM ROAD,1000680400002
1000680100029,PARK,PRIVATE,ARTHI HOSPITAL,68,NANJUNDAPURAM ROAD,1000680400001
1000740102174,PARK,CORPORATION,CORPORATION PARK,74,J K GARDEN,1000740400004
1000740100193,HOSPITAL,PRIVATE,AYURVEDIC TRUST,74,BHARATHI NAGAR,1000740400003
1000740100050,HOSPITAL,PRIVATE,AYURVEDIC TRUST,74,BHARATHI NAGAR,1000740400002
1000740101090,HOSPITAL,PRIVATE,MANU HOSPITAL,74,THIYAGI SIVARAM NAGAR,1000740400001
1000590101800,HOSPITAL,PRIVATE,BABY HOSPITAL,59,RANI GARDEN,1000590400001
1000600101672,PARK,CORPORATION,CORPORATION PARK,60,TAGORE NAGAR EXTENSION,1000600400005
1000600101332,COMMUNITY HALL,PRIVATE,THALAIVAR KURAMBA  SAMUGA SANGAM,60,SUNGAM ROAD,1000600400004
1000600101093,HOSPITAL,STATE,E S I HOSPITAL,60,KRISHNAMMA NAIDU STREET,1000600400003
1000600100275,BURIAL GROUND,CORPORATION,CORPORATION BURIAL GROUND,60,IRUGOOR ITTERY,1000600400002
1000600100001,PARK,CORPORATION,SEMMOZHI POONGA,60,ANNAI INDIRA NAGAR,1000600400001
1000610102508,BURIAL GROUND,CORPORATION,SINGANALLUR CORPORATION BURIAL GROUND,61,TRICHY ROAD,1000610400005
1000610101793,PLAY GROUND,CORPORATION,SINGANALLUR ANNA PLAY GROUND,61,SIVA SRI GARDEN,1000610400004
1000560101866,PARK,CORPORATION,CORPORATION PARK,56,HUDCO COLONY,1000560400007
1000560100164,PARK,CORPORATION,CORPORATION PARK,56,HUDCO COLONY,1000560400008
1000650100981,HOSPITAL,PRIVATE,N R G HOSPITAL,65,KRISHNA NAGAR,1000650400001
1000650100715,HOSPITAL,PRIVATE,C M R CLINIC,65,ANNAMALAI NAGAR SECOND STREET,1000650400002
1000650100510,PARK,CORPORATION,CORPORATION PARK,65,ANNAI VELANKANI NAGAR,1000650400003
1000650100508,BURIAL GROUND,CORPORATION,BURIAL GROUND,65,KALLARAI STREET,1000650400004
1000650100758,COMMUNITY HALL,CORPORATION,SAMUTHAYA KUDAM,65,INDRA NAGAR EAST SECOND STREET,1000650400005
1000650100093,COMMUNITY HALL,CORPORATION,SAMUTHAYA KUDAM,65,UDAYAMPALAYAM MAIN ROAD,1000650400006
1000650100502,HOSPITAL,PRIVATE,SARAVANA CLINIC,65,BALADHANDAYUTHAM STREET,1000650400007
1000650101571,PARK,CORPORATION,CORPORATION PARK,65,BALADHANDAYUTHAM STREET,1000650400008
1000660101492,PARK,CORPORATION,CORPORATION PARK,66,RAJIV GANDHI NAGAR,1000660400001
1000660101250,HOSPITAL,PRIVATE,V G M HOSPITAL,66,B.R.LAYOUT,1000660400002
1000660100822,MARRIAGE HALL,PRIVATE,ANDAAL MARRIGE HALL,66,TRICHY ROAD,1000660400003
1000660101228,HOSPITAL,PRIVATE,K J P HOSPITAL,66,KRISHNA COLONY,1000660400004
1000660101410,HOSPITAL,PRIVATE,ANUSEYA CLINIC,66,RAJA NAGAR,1000660400005
1000660101633,PARK,CORPORATION,CORPORATION PARK,66,RAM GARDENS,1000660400006
1000660101637,HOSPITAL,PRIVATE,G R HOSPITAL,66,NETHAJI MAIN ROAD,1000660400007
1000660101856,HEALTH CENTRE,PRIVATE,HEALTH CARE CENTER,66,ASHOK STREET,1000660400008
1000660102044,HOSPITAL,PRIVATE,SWATHI HOSPITAL,66,PULIYAKULAM ROAD,1000660400009
1000660100497,HOSPITAL,PRIVATE,M S CLINIC,66,NAVA INDIA ROAD,1000660400010
1000660100359,HOSPITAL,PRIVATE,KURINJI HOSPITAL,66,NAVA INDIA ROAD,1000660400011
1000670100999,PARK,CORPORATION,CHILDRENS PARK,67,T NAGAR,1000670400001
1000670100077,MARRIAGE HALL,PRIVATE,S N MANDABAM,67,KONGU NAGAR,1000670400002
1000670100519,MARRIAGE HALL,CORPORATION,CORPORTION MARRIGE HALL,67,NAGAPPAN STREET,1000670400003
1000670100870,HOSPITAL,STATE,E S I CORPORATION,67,POOSARI MARIYAPPAN STREET,1000670400004
1000670100182,HOSPITAL,PRIVATE,VAKIL EYE CLINIC HOSPITAL,67,KONGU NAGAR,1000670400005
1000670100182,HOSPITAL,PRIVATE,DEEPAM HOSPITAL,67,KONGU NAGAR,1000670400006
1000670101233,HOSPITAL,PRIVATE,SATHYAN EYE HOSPITAL,67,SOWRIPALAYAM ROAD,1000670400007
1000670101154,HOSPITAL,PRIVATE,SRI DURGA POLYCLINIC,67,SOWRIPALAYAM ROAD,1000670400008
1000670100065,HOSPITAL,PRIVATE,N.M HOSPITAL,67,NAGAPPAN STREET,1000670400009
1000670100184,COMMUNITY HALL,CORPORATION,SAMUTHAYA KOODAM,67,KRISHNASAMY NAGAR,1000670400010
1000690100840,HOSPITAL,PRIVATE,RAJNI PREM HOSPITAL,69,SOWRIPALAYAM ROAD,1000690400009
1000690100507,HOSPITAL,PRIVATE,ARUNDAATHI VARSITAR EYE CARE HOSPITAL,69,PANKAJA MILLS ROAD,1000690400008
1000690100707,HOSPITAL,PRIVATE,VENILA HOMEO HOSPITAL,69,TRICHY ROAD,1000690400007
1000690100754,HOSPITAL,PRIVATE,NAIDU DENTAL CLINIC,69,L G B COLONY,1000690400006
1000690100026,HOSPITAL,CORPORATION,GOVERMANT HOSPITAL,69,TRICHY ROAD,1000690400005
1000690100010,HOSPITAL,PRIVATE,SENTHIL KUMARAN HOSPITAL,69,TRICHY ROAD,1000690400004
1000690100031,HOSPITAL,PRIVATE,SRI BALU MEDICAL CENTER AND HOSPITAL,69,TRICHY ROAD,1000690400003
1000690100434,HOSPITAL,PRIVATE,MAHADEVAN HOSPITAL,69,TRICHY ROAD,1000690400002
1000690100165,COMMUNITY HALL,CORPORATION,CORPORATION COMMUNITY HALL,69,PANKAJA MILLS ROAD,1000690400001
1000390102002,GODOWN,CENTRAL,RAILWAY GODOWN,39,AVINASHI ROAD,1000390400003
1000390102002,GODOWN,CENTRAL,RAILWAY GODOWN,39,AVINASHI ROAD,1000390400004
1000390101897,HOSPITAL,PRIVATE,THANGAM MEDICAL CENTRE,39,AVINASHI ROAD,1000390400001
1000390100344,GODOWN,CENTRAL,RAILWAY GODOWN,39,V.K.ROAD,1000390400008
1000390100334,GODOWN,CENTRAL,RAILWAY GODOWN,39,PEELAMADU JUNCTION ROAD,1000390400007
1000390100243,GODOWN,CENTRAL,RAILWAY GODOWN,39,PEELAMADU JUNCTION ROAD,1000390400016
1000390100345,GODOWN,CENTRAL,RAILWAY GODOWN,39,PEELAMADU JUNCTION ROAD,1000390400012
1000390100345,GODOWN,CENTRAL,RAILWAY GODOWN,39,PEELAMADU JUNCTION ROAD,1000390400013
1000390100345,GODOWN,CENTRAL,RAILWAY GODOWN,39,PEELAMADU JUNCTION ROAD,1000390400011
1000390100345,GODOWN,CENTRAL,RAILWAY GODOWN,39,PEELAMADU JUNCTION ROAD,1000390400009
1000390100345,GODOWN,CENTRAL,RAILWAY GODOWN,39,PEELAMADU JUNCTION ROAD,1000390400014
1000390101312,GODOWN,CENTRAL,RAILWAY GODOWN,39,PEELAMADU JUNCTION ROAD,1000390400015
1000390100345,GODOWN,CENTRAL,RAILWAY GODOWN,39,PEELAMADU JUNCTION ROAD,1000390400010
1000390101803,PARK,CORPORATION,CORPARATION PARK,39,MURUGAN NAGAR,1000390400018
1000390101510,MARRIAGE HALL,PRIVATE,THALAIVAR MAHAL,39,MURUGAN NAGAR,1000390400017
1000390101145,GODOWN,PRIVATE,GODOWN,39,CHINNASAMYAVENYU,1000390400006
1000390100293,HOSPITAL,PRIVATE,LAKSHMIPATHY CLINIC,39,V.K.ROAD,1000390400002
1000390101205,HOSPITAL,PRIVATE,BHURANI MEDICAL TRUST,39,RAJA GOPAL LAY OUT FIRST STREET,1000390400005
1000400102277,PLAY GROUND,PRIVATE,KAMADENU WELFARE ASSOCIATION PLAY GROUND,40,KAMADENU  NAGAR,1000400400001
1000400101194,PARK,CORPORATION,BRINDHAVAN  PARK,40,BPC COLONY,1000400400002
1000400100870,PARK,CORPORATION,COIMBATORE CORPORATION PARK,40,VARADARAJALU NAGAR,1000400400003
1000400101496,PARK,CORPORATION,COIMBATORE CORPORATION PARK,40,V N S NAGAR,1000400400004
1000400101729,PARK,CORPORATION,COIMBATORE CORPORATION PARK,40,HINDUSTAN AVENUE,1000400400005
1000400102501,PARK,CORPORATION,CORPORATION CHILDRENS PARK,40,VINAYAGAR KOIL STREET,1000400400006
1000400102779,MARRIAGE HALL,PRIVATE,EANDAMMA KALYANA MANDABAM,40,SARGUNAM COLONY,1000400400007
1000400101735,MARRIAGE HALL,PRIVATE,RAJA GOPAL NAIDU MARRIAGE MAHAL,40,AVARAMPALAYAM ROAD,1000400400008
1000410106717,MARRIAGE HALL,PRIVATE,MARRIAGE MAHAL,41,GANDHI MANAGAR,1000410400010
1000410103440,HOSPITAL,PRIVATE,DR.DURAI KANNAN HOSPITAL,41,SATHY ROAD,1000410400009
1000410100751,HOSPITAL,PRIVATE,SHIVA HOSPITAL,41,SATHY ROAD,1000410400008
1000410104526,HOSPITAL,PRIVATE,TAMIL SELVI CLINIC,41,VILANKURUCHI ROAD,1000410400007
1000410104369,HOSPITAL,PRIVATE,SITHA AYURVEDIC HOSPITAL,41,T N H B COLONY,1000410400006
1000410103024,HOSPITAL,PRIVATE,ABIRAMI HOSPITAL,41,ANNA NAGAR,1000410400005
1000410100754,MARRIAGE HALL,PRIVATE,ARUNA KALYANA MANDAPAM,41,ATHIPALAYAM ROAD,1000410400004
1000410106117,HOSPITAL,PRIVATE,S.S HOSPITAL,41,V O C NAGAR,1000410400003
1000410100782,HOSPITAL,PRIVATE,E.N.T.HOSPITAL,41,SATHY ROAD,1000410400002
1000410103429,HOSPITAL,PRIVATE,UMA SELVI CLINIC,41,SATHY ROAD,1000410400001
1000440100560,PARK,CORPORATION,CORPORATION PARK,44,THIRUMALAI SAMY STREET,1000440400006
1000440102348,PARK,CORPORATION,CORPORATION PARK,44,RANGA LAYOUT,1000440400005
1000440102951,GODOWN,PRIVATE,PLY CENTRE GODOWN,44,METTUPALAYAM ROAD,1000440400004
1000440103094,COMMERCIAL,PRIVATE,AIRCEL,44,METTUPALAYAM ROAD,1000440400003
1000440102951,GODOWN,PRIVATE,TASMAC GODOWN,44,METTUPALAYAM ROAD,1000440400002
1000440100407,HOSPITAL,PRIVATE,RAJSRI HOSPITAL,44,METTUPALAYAM ROAD,1000440400001
1000460101228,HOSPITAL,PRIVATE,VIJAY HOSPITAL,46,RAJA NAIDU STREET,1000460400001
1000460100726,HOSPITAL,CORPORATION,CHILD HOSPITAL,46,SANGANOOR ROAD,1000460400002
1000460100103,BURIAL GROUND,CORPORATION,BURIAL GROUND,46,JAYAPRAKASH NAGAR MAIN ROAD,1000460400003
1000610102439,MARRIAGE HALL,PRIVATE,VAANIYAR KALYANA MANDAPAM,61,K P R LAYOUT 1,1000610400003
1000610101306,HOSPITAL,PRIVATE,SRI RAM POLY CLINIC HOSPITAL,61,TRICHY ROAD,1000610400002
1000610101978,HOSPITAL,PRIVATE,C R R RUCKMANIAMMAL HOSPITAL,61,TRICHY ROAD,1000610400001
1000630100865,MARRIAGE HALL,PRIVATE,RANGANAYAGIAMMAL KALYANA MANDAPAM,63,CENTRAL STUDIO COLONY,1000630400009
1000630100875,HEALTH CENTRE,CORPORATION,CORPORATION HEALTH CENTRE,63,BOYAR STREET,1000630400008
1000630100875,HOSPITAL,CORPORATION,CORPORATION HOSPITAL,63,BOYAR STREET,1000630400007
1000630100537,HOSPITAL,PRIVATE,N.G HOSPITAL,63,TRICHY ROAD,1000630400006
1000630100878,HOSPITAL,CORPORATION,KOVAI CORPORATION VETERINARY HOSPITAL,63,UPPILYPALAYAM STREET,1000630400005
1000630100766,HOSPITAL,STATE,E S I HOSPITAL,63,VASANTHA NAGAR,1000630400004
1000630101529,HOSPITAL,PRIVATE,SRI VIGNESH MEDICAL CENTRE,63,VASANTHA NAGAR,1000630400003
1000630100875,DAILY MARKET,CORPORATION,DAILY MARKET,63,BOYAR STREET,1000630400002
1000630101745,WEEKLY MARKET,PRIVATE,WEEKLY MARKET,63,KAMARAJAR NAGAR,1000630400001
1000750100132,MARRIAGE HALL,PRIVATE,S N ARANGAM MANDABAM,75,KONGU NAGAR,1000750400007
1000750101678,MARRIAGE HALL,PRIVATE,KARUPPANA GOUNDER MANDABAM,75,SUBRAMANIAR KOVIL STREET,1000750400006
1000750100949,GODOWN,PRIVATE,GODOWN,75,ELAHI NAGAR,1000750400005
1000750101552,HOSPITAL,CORPORATION,CORPORATION VETERINARY HOSPITAL,75,PERUMAL KOVIL STREET,1000750400004
1000750100019,BURIAL GROUND,CORPORATION,BURIAL GROUND,75,WEST PUDUR,1000750400003
1000750101472,HEALTH CENTRE,CORPORATION,COIMBATORE CORPORATION URBAN HEALTH CENTER,75,DEVANDRA STREET EAST,1000750400002
1000750101820,CREMATORIUM,CORPORATION,CREMATORIUM,75,KANNIMAR KOVIL STREET,1000750400001
1000370100030,MARRIAGE HALL,PRIVATE,PADMAVATHY MANDAPAM,37,AVINASHI ROAD,1000370400002
1000370101358,GODOWN,STATE,TAMILNADU MEDICAL SERVICE CO-OP LTD,37,AVINASHI ROAD,1000370400001
1000560100012,HOSPITAL,PRIVATE,BANUMATHI CLINIC,56,ANNA NAGAR MAIN ROAD,1000560400001
1000560102295,HOSPITAL,PRIVATE,ALPHONSE MARIYADAS HOSPITAL,56,THIRUMAGAL NAGAR,1000560400002
1000560101776,PARK,CORPORATION,CORPORATION PARK,56,THIRUMAGAL NAGAR 11TH CROSS STREET,1000560400003
1000560100418,HOSPITAL,STATE,URBAN HEALTH CENTRE,56,SOWRIPALAYAM MAIN ROAD,1000560400004
1000560101120,HOSPITAL,PRIVATE,SMITH HOSPITAL,56,MASAKALI PALAYAM ROAD,1000560400005
1000560101116,HOSPITAL,PRIVATE,RAJ HOSPITAL,56,BALAN NAGAR,1000560400006
1000470100941,MARRIAGE HALL,PRIVATE,KAMATCHIYAMMAN KALYANA MANDABAM,47,PALANI ANDAVAR KOVIL STREET,1000470400003
1000470100176,PARK,CORPORATION,CORPORATION CHILDREN'S PARK,47,MARUTHAIYA NAGAR,1000470400002
1000470101103,PARK,CORPORATION,CORPORATION CHILDREN'S PARK,47,KUMARAN NAGAR,1000470400001
1000550101556,HOSPITAL,PRIVATE,MEKALA HOSPITAL,55,PERUMAL KOVIL STREET,1000550400012
1000550101360,MARRIAGE HALL,PRIVATE,BALAJI KALYANA MANDAPAM,55,G K D NAGAR,1000550400011
1000550101633,HOSPITAL,PRIVATE,KUPPUSAMY NAIDU MEMORIAL HOSPITAL,55,GOVINDASAMY THOTTA SALAI,1000550400010
1000550101396,HOSPITAL,PRIVATE,CHANDRA SEKARAN HOSPITAL,55,KATTUR ROAD,1000550400009
1000550100205,GODOWN,PRIVATE,GODOWN,55,RAMASAMY LAYOUT,1000550400008
1000550100574,HOSPITAL,CORPORATION,COIMBATORE CORPORATION HOSPITAL,55,JAYASIMMAPURAM,1000550400007
1000550100258,HOSPITAL,PRIVATE,RADHA KRISHNAN HOSPITAL,55,ARUNDHATHIYAR STREET,1000550400006
1000550100091,HOSPITAL,STATE,ECHS POLY CLINIC,55,G R D ROAD,1000550400005
1000550100141,HOSPITAL,PRIVATE,COIMBATORE KIDNEY CENTRE,55,PULIYAKULAM MAIN ROAD,1000550400004
1000550100020,HOSPITAL,PRIVATE,KUPPUSAMY NAIDU MEMORIAL HOSPITAL,55,NETHAJI ROAD,1000550400003
1000550100029,HOSPITAL,PRIVATE,KUPPUSAMY NAIDU MEMORIAL HOSPITAL,55,NETHAJI ROAD,1000550400002
1000550100028,HOSPITAL,PRIVATE,KUPPUSAMY NAIDU MEMORIAL HOSPITAL,55,KATTUR ROAD,1000550400001
1000380100386,BURIAL GROUND,CORPORATION,BURIAL GROUND,38,VILANKURICHI ROAD,1000380400001
1000760100975,HOSPITAL,PRIVATE,RAJIV GANDHI NATIONAL CRECHE,76,SUBARAMANIYA UDAIYAR STREET,1000760400012
1000760102456,PARK,CORPORATION,CORPORATION CHILDERN PARK,76,TEXTOOL COLONY,1000760400011
1000760100688,HOSPITAL,PRIVATE,COIMBATORE VETERINARY HOSPITAL,76,MUTHAIYA UDAIYAR STREET,1000760400010
1000760100121,HOSPITAL,PRIVATE,SUMATHI HOSPITAL,76,INDIRA NAGAR,1000760400009
1000760101012,HOSPITAL,PRIVATE,KUMAR HOSPITAL,76,PERUR MAIN ROAD,1000760400008
1000760102839,HOSPITAL,PRIVATE,RUBA MEDICAL HOSPITAL,76,PERUR MAIN ROAD,1000760400007
1000760103014,HOSPITAL,PRIVATE,DHANAM KALYANA MANDAPAM,76,PERUR MAIN ROAD,1000760400006
1000760102742,HOSPITAL,PRIVATE,RANI HOSPITAL,76,MUTHUSAMY COLONY,1000760400005
1000760102741,HOSPITAL,PRIVATE,NATRAJ HOSPITAL,76,MUTHUSAMY COLONY,1000760400004
1000760102752,MARRIAGE HALL,PRIVATE,KALYANA MANDAPAM,76,S A GARDEN,1000760400003
1000760101679,HOSPITAL,PRIVATE,SINEKARAM HOSPITAL,76,VENKATESHWARA LAYOUT,1000760400002
1000760101724,HOSPITAL,PRIVATE,MEERA DENTAL HOSPITAL,76,PERUR MAIN ROAD,1000760400001
1000770101509,PARK,CORPORATION,CORPORATION PARK,77,SHANMUGA NAGAR,1000770400001
1000770100596,PARK,CORPORATION,CORPORATION PARK,77,ARUL GARDEN,1000770400002
1000770100643,HOSPITAL,PRIVATE,THAMARAI HOSPITAL,77,PERUR MAIN ROAD,1000770400003
1000770100007,PARK,PRIVATE,RESERVE SITE(PARK),77,SHANMUGARAJAPURAM,1000770400004
1000780100175,HOSPITAL,CORPORATION,CORPORATION HOSPITAL,78,SELVAPURAM ROAD,1000780400001
1000780100025,PARK,CORPORATION,CHILDRENS PARK CBE CORPORATION,78,NORTH HOUSING UNIT,1000780400002
1000780100467,PARK,CORPORATION,PARK,78,CHANDRASEKAR PURAM,1000780400003
1000780100182,MARRIAGE HALL,PRIVATE,SAKTHI MARRIAGE HALL,78,SELVAPURAM MAIN ROAD,1000780400004
1000790101383,HOSPITAL,STATE,GOVT OBSTETRICS & GYNECOLOGY CENTER,79,AA SCHEME ROAD,1000790400009
1000790100609,MARRIAGE HALL,PRIVATE,GAVARA SAMUGA SHANGAM,79,THADAGAM ROAD,1000790400008
1000790101479,HOSPITAL,PRIVATE,MANIKKARAJ HOSPITAL,79,LAWLY ROAD,1000790400007
1000790101361,HOSPITAL,PRIVATE,K.C HOSPITAL,79,THIRUMOORTHY LAYOUT,1000790400006
1000790100952,HOSPITAL,PRIVATE,UMAYAL HOSPITAL,79,THADAGAM ROAD,1000790400005
1000790100613,HOSPITAL,PRIVATE,SEETHA RAM HOSPITAL,79,A K S NAGAR,1000790400004
1000790100005,HOSPITAL,PRIVATE,MANOHAR HOSPITAL,79,THADAGAM ROAD,1000790400003
1000790100003,HOSPITAL,PRIVATE,USHA SRIDHARAN HOSPITAL,79,TELUGU STREET,1000790400002
1000790101267,HOSPITAL,PRIVATE,BALAJI NEURO HOSPITAL,79,THADAGAM ROAD,1000790400001
1000850100519,PARK,CORPORATION,CHILDRENS PARK,85,GOVINDASAMY LAYOUT,1000850400003
1000850100560,HOSPITAL,PRIVATE,SRINIVASAN HOSPITAL,85,ANNAI ABIRAMI NAGAR,1000850400002
1000850100454,HOSPITAL,PRIVATE,PONNUSAMY HOSPITAL,85,CHETTY STREET,1000850400001
1000850100468,MARRIAGE HALL,PRIVATE,KALYAN MAHAL,85,GOVINDASAMY LAYOUT,1000850400004
1000860102110,BURIAL GROUND,CORPORATION,BURIAL GROUND,86,SELVAPURAM HOUSING UNIT,1000860400005
1000860101629,MARRIAGE HALL,PRIVATE,J.B. MARRIAGE HALL,86,PALLI VASAL STREET,1000860400004
1000860100946,HOSPITAL,PRIVATE,YAHI CLINIC,86,M C R NAGAR 2,1000860400003
1000860100516,DAILY MARKET,CORPORATION,FISH MARKET,86,UKKADAM SOUTH HOUSING UNIT,1000860400002
1000860101939,DAILY MARKET,CORPORATION,FISH MARKET,86,UKKADAM SOUTH HOUSING UNIT,1000860400001
1000100100499,HOSPITAL,PRIVATE,WOMEN CENTER HOSPITAL,10,RAJU NAGAR,1000100400001
1000100100047,PARK,CORPORATION,PARK,10,K S RAMASAMY STREET,1000100400002
1000100100126,DAILY MARKET,CORPORATION,MARKET,10,METTUPALAYAM ROAD,1000100400003
1000100100379,BUS STAND,STATE,NEW METTUPALAYAM BUS STAND,10,METTUPALAYAM ROAD,1000100400004
1000110100661,PARK,CORPORATION,CORPORATION CHILDRENS PARK,11,K A BALASUBRAMANIYAM ROAD 3RD CROSS,1000110400004
1000110100303,HOSPITAL,PRIVATE,MARUTHI DENTAL HOSPITAL,11,N S R ROAD,1000110400003
1000110100199,HOSPITAL,PRIVATE,KUMARAN DENTAL HOSPITAL,11,N S R ROAD,1000110400002
1000110100689,GODOWN,CORPORATION,GODOWN,11,PALANISAMY CONAR STREET,1000110400001
1000120100317,PARK,CORPORATION,CORPORATION PARK,12,GANAPATHY LAYOUT,1000120400001
1000120100159,COMMUNITY HALL,CORPORATION,SAMUTHAYA NALAKUDAM,12,ANNA NAGAR,1000120400002
1000120100727,PARK,CORPORATION,CORPORATION PARK,12,S K V  NAGAR,1000120400003
1000120100312,PARK,CORPORATION,CORPORATION PARK,12,MANIAM KALIAPPAN STREET,1000120400004
1000120100703,PARK,CORPORATION,CORPORATION PARK,12,GANAPATHY LAYOUT,1000120400005
1000120101507,PARK,CORPORATION,CORPORATION CHILDRENS PARK,12,K G LAYOUT,1000120400006
1000120101001,PARK,CORPORATION,CORPORATION PARK,12,CHINTHAMANI NAGAR 5,1000120400007
1000120100759,HOSPITAL,PRIVATE,SILOAM THOMAS EYE HOSPITAL,12,CHINNAMMAL STREET,1000120400008
1000120100795,HOSPITAL,PRIVATE,SRI GURU HOSPITAL,12,C S RATHINASABAPATHI STREET,1000120400009
1000120101060,HOSPITAL,PRIVATE,MALAR MULTI SPECIALITY DENTAL CLINIC,12,SIVAKUMAR STREET,1000120400010
1000120100141,HOSPITAL,PRIVATE,SRI SAI PHYSIO CARE PAIN RELIEF CENTRE,12,KARRUPUSAMY MESTHIRI STREET,1000120400011
1000120100619,PARK,CORPORATION,CORPORATION PARK,12,KALIAPPAN STREET,1000120400012
1000130100869,PARK,CORPORATION,CORPORATION PARK,13,CHINNACHETTI STREET,1000130400005
1000130100485,HOSPITAL,PRIVATE,POORNIMA CLINIC,13,KRISHNAMENON ROAD,1000130400004
1000130100024,MARRIAGE HALL,PRIVATE,ARUN MARRIAGE HALL,13,KRISHNAMENON ROAD,1000130400003
1000130101157,PARK,CORPORATION,CORPORATION PARK,13,AMMAN KOVIL STREET,1000130400002
1000130100003,PARK,CORPORATION,CORPORATION PARK,13,BHUVANESHWARI NAGAR,1000130400001
1000140100798,HOSPITAL,PRIVATE,RANGA HOSPITAL,14,THADAGAM ROAD,1000140400003
1000140100802,HOSPITAL,PRIVATE,KIRUBHA HOSPITAL,14,THADAGAM ROAD,1000140400002
1000140100006,HOSPITAL,PRIVATE,SAROJA DEVI CILINIC,14,THADAGAM ROAD,1000140400001
1000150101223,BURIAL GROUND,CORPORATION,BURIAL GROUND,15,THIYAGI KUMARAN STREET,1000150400012
1000150100005,BURIAL GROUND,CORPORATION,BURIAL GROUND,15,MARUTHAMALAI ROAD,1000150400011
1000150101535,PARK,CORPORATION,CORPORATION PARK,15,K K COLONY,1000150400010
1000150100489,PARK,CORPORATION,CORPORATION PARK,15,AISWARYA NAGAR,1000150400009
1000150101213,PARK,CORPORATION,CORPORATION PARK,15,RADHIKA  AVENUE,1000150400008
1000150100681,PARK,CORPORATION,CORPORATION PARK,15,RANGASAMY NAGAR,1000150400007
1000150100307,PARK,CORPORATION,CORPORATION PARK,15,JEGADESH NAGAR,1000150400006
1000150100699,PARK,CORPORATION,CORPORATION PARK,15,AISWARYA NAGAR,1000150400005
1000150100474,PARK,CORPORATION,CORPORATION PARK,15,SRINAGAR STREET NO 1,1000150400004
1000150101068,HOSPITAL,PRIVATE,BECKOR MENTAL HOSPITAL,15,SRINAGAR STREET NO 3,1000150400003
1000150101179,HOSPITAL,PRIVATE,VELLALAR HOSPITAL,15,MARUTHAMALAI ROAD,1000150400002
1000150100001,GODOWN,CORPORATION,GODOWN,15,INDIRA GANDHI STREET,1000150400001
1000220100011,GODOWN,CENTRAL,FOOD CORPORATION OF INDIA,22,YARD ROAD,1000220400020
1000220101467,HOSPITAL,PRIVATE,K T V MEDICAL FOUNDATION,22,NARAYANA GURU MISSION ROAD,1000220400019
1000220101422,HOSPITAL,PRIVATE,DEVI HOSPITAL,22,N.S.R ROAD,1000220400018
1000220101433,HOSPITAL,PRIVATE,VALLI HOSPITAL,22,A.K.NAGAR,1000220400017
1000220101324,MARRIAGE HALL,PRIVATE,VIJAYALAKSHMI KALYANA MANDAPAM,22,N.S.R ROAD,1000220400016
1000220101076,HOSPITAL,PRIVATE,ARUNA HOSPITAL,22,ALAGESAN ROAD - 2,1000220400015
1000220101065,HOSPITAL,PRIVATE,BIRUNDHA HOSPITAL,22,BHARATHI PARK ROAD CROSS - 6,1000220400014
1000220101375,MARRIAGE HALL,PRIVATE,SHRI KUTLAI DASHA OSWA JAIN GNATT MAHAJAN KALYANA MANDAPAM,22,BHARATHI PARK ROAD CROSS - 4,1000220400013
1000220101450,HOSPITAL,PRIVATE,GANGA MEDICAL CENTER & HOSPITAL,22,METTUPALAYAM ROAD,1000220400012
1000220101451,DAILY MARKET,CORPORATION,ANNA VEGETABLE MARKET,22,METTUPALAYAM ROAD,1000220400011
1000220100396,PARK,CORPORATION,CORPORATION ENTRANCE PARK RESERVED SITE,22,NEW NESAVALAR COLONY,1000220400010
1000220101289,HOSPITAL,PRIVATE,VASANTHI HOSPITAL,22,BHARATHI PARK ROAD CROSS - 5,1000220400009
1000220101107,PARK,CORPORATION,CORPORATION PARK RESERVED SITE,22,ALAGESAN MAIN ROAD,1000220400008
1000220100142,MARRIAGE HALL,CORPORATION,CORPORATION KALYANA MANDAPAM,22,RAMALINGAM COLONY,1000220400007
1000220101926,HOSPITAL,PRIVATE,GURU DHUVARA HOSPITAL,22,V.V.C LAYOUT,1000220400006
1000220101572,HOSPITAL,PRIVATE,DHIRAVIYARAJ HOSPITAL,22,THIRUVEKADAM ROAD,1000220400005
1000220101591,HOSPITAL,PRIVATE,SENGAALIYPPAN HOSPITAL,22,METTUPALAYAM ROAD,1000220400004
1000220100143,HOSPITAL,CORPORATION,CORPORATION HOSPITAL,22,RAMALINGAM COLONY,1000220400003
1000220100855,HOSPITAL,PRIVATE,SUSEEL HOSPITAL,22,BHARATHI PARK MAIN ROAD,1000220400002
1000220101244,HOSPITAL,PRIVATE,DHIRAVIYARAJ HOSPITAL,22,N.S.R ROAD,1000220400001
1000210100012,BURIAL GROUND,CORPORATION,CORPORATION BURIAL GROUND,21,SUNDAPALAYAM ROAD,1000210400007
1000210100050,HOSPITAL,CORPORATION,CORPORATION DISPENSARY,21,GOKULAM COLONY,1000210400004
1000210100152,MARRIAGE HALL,PRIVATE,RANGAMMAL MANDAPAM,21,GOKULAM COLONY 4,1000210400003
1000210101447,COMMUNITY HALL,CORPORATION,CORPORATION COMMUNITY HALL,21,GOKULAM COLONY 3,1000210400002
1000210100147,PARK,CORPORATION,CORPORATION PARK,21,GOKULAM COLONY 4,1000210400001
1000210100858,MARRIAGE HALL,CORPORATION,CORPORATION MARRIAGE HALL,21,NAICKER THOTTAM,1000210400005
1000210100259,CREMATORIUM,CORPORATION,CREMATORIUM,21,SUNDAPALAYAM ROAD,1000210400006
1000200101223,PARK,CORPORATION,CORPORATION PARK,20,NETHAJI ROAD,1000200400004
1000200101253,HOSPITAL,CORPORATION,COIMBATORE CORPORATION DOG HOSPITAL,20,SUGARCANE ROAD,1000200400003
1000200101194,COMMUNITY HALL,CORPORATION,COMMUNITY HALL,20,DR RADHAKRISHNAN STREET,1000200400002
1000200101371,BURIAL GROUND,CORPORATION,BURIAL GROUND,20,SUGARCANE ROAD,1000200400001
1000230100736,PUBLIC,CENTRAL,POST OFFICE,23,D.B.ROAD,1000230400041
1000230100946,HOSPITAL,PRIVATE,VASAN EYE CARE,23,THIRU.VENKETASAMY ROAD,1000230400039
1000230100469,HOSPITAL,PRIVATE,KUMARAN BIOMEDICAL,23,GOULIBROWN ROAD,1000230400038
1000230100471,HOSPITAL,PRIVATE,KUMARAN HOSPITAL,23,GOULIBROWN ROAD,1000230400037
1000230100620,HOSPITAL,PRIVATE,M R MEDICAL CENTRE,23,GOULIBROWN ROAD,1000230400036
1000230100468,HOSPITAL,PRIVATE,SUDHA HOSPITAL,23,GOULIBROWN ROAD,1000230400035
1000230100486,HOSPITAL,PRIVATE,COIMBATORE MENTAL HOSPITAL,23,GOULIBROWN ROAD,1000230400034
1000230100553,HOSPITAL,PRIVATE,VIJAYA HOSPITAL,23,GOULIBROWN ROAD,1000230400033
1000230100714,HOSPITAL,PRIVATE,BALAJI HOSPITAL,23,GOULIBROWN ROAD,1000230400032
1000230100714,HOSPITAL,PRIVATE,RATHNA MEDICAL CARE,23,GOULIBROWN ROAD,1000230400031
1000230100940,HOSPITAL,PRIVATE,DIVYAKALA CLINIC,23,THIRU.VENKETASAMY ROAD,1000230400030
1000230100640,HOSPITAL,PRIVATE,VIKRAM HOSPITAL,23,VENKATASAMY ROAD,1000230400029
1000230100771,HOSPITAL,PRIVATE,ANBU DIABETIES CARE,23,PONNURANGAM ROAD,1000230400028
1000230100521,HOSPITAL,PRIVATE,HOMEO ZONE,23,PONNURANGAM ROAD,1000230400027
1000230100122,HOSPITAL,PRIVATE,LISTER METROPOLIS DIGNOSTICS,23,SAMBANDAM ROAD,1000230400026
1000230100485,HOSPITAL,PRIVATE,N R HOSPITAL,23,METTUPALAYAM ROAD,1000230400025
1000230100405,HOSPITAL,PRIVATE,LOTUS EYE HOSPITAL,23,PERIYASAMY ROAD,1000230400024
1000230100616,HOSPITAL,PRIVATE,COIMBATORE JOINT FOUNDATION,23,METTUPALAYAM ROAD,1000230400023
1000230100709,HOSPITAL,PRIVATE,RAMAKRISHNA MEDICAL CENTRE,23,GOULIBROWN ROAD,1000230400022
1000230100709,HOSPITAL,PRIVATE,NATARAJ MEDICARE,23,METTUPALAYAM ROAD,1000230400021
1000230100431,HOSPITAL,PRIVATE,MANONMANIYAM HOSPITAL,23,GOULIBROWN ROAD,1000230400020
1000230100480,HOSPITAL,PRIVATE,SITA LAKSHMI HOSPITAL,23,GOULIBROWN ROAD,1000230400019
1000230100409,HOSPITAL,PRIVATE,VEGA ENT HOSPITAL,23,GURUGOVINDASINGH ROAD,1000230400018
1000230100787,HOSPITAL,PRIVATE,PRADEEPA HOSPITAL,23,GOULIBROWN ROAD,1000230400017
1000230100621,HOSPITAL,PRIVATE,APPOLLO MEDICAL CARE CENTRE,23,GOULIBROWN ROAD,1000230400016
1000230100929,HOSPITAL,PRIVATE,RASI HOSPITAL,23,D.B.ROAD,1000230400015
1000230100618,HOSPITAL,PRIVATE,VEDHANAYAGAM HOSPITAL,23,BASHIKARRALU ROAD,1000230400014
1000230100753,HOSPITAL,PRIVATE,EYE FOUNDATION,23,PERIYASAMY ROAD,1000230400013
1000230100814,HOSPITAL,PRIVATE,GATEWAY CLINIC,23,PERIYASAMY ROAD,1000230400012
1000230100338,COMMUNITY HALL,PRIVATE,SMT MANIBEN KIRTIAL MEHTA ARADHANA BHAVAN,23,PERIYASAMY ROAD,1000230400011
1000230100538,HOSPITAL,PRIVATE,R S ORTHODONIC DENTAL CARE,23,SAMBANDAM ROAD,1000230400010
1000230100045,HOSPITAL,PRIVATE,SRUTHI HOSPITAL,23,RAMACHANDIRA ROAD,1000230400009
1000230100164,MARRIAGE HALL,PRIVATE,KALAI ARANGAM,23,THIRU.VENKETASAMY ROAD,1000230400008
1000230100174,HOSPITAL,PRIVATE,SCAN CENTRE,23,VENKETACHALLAM ROAD,1000230400007
1000230100360,HOSPITAL,PRIVATE,RAO HOSPITAL,23,PERIYASAMY ROAD,1000230400006
1000230100556,HOSPITAL,PRIVATE,PRASATH CLINIC,23,D.B.ROAD,1000230400005
1000230100387,HOSPITAL,PRIVATE,MADURAI EYE HOSPITAL,23,PERIYASAMY ROAD,1000230400004
1000230100430,COMMUNITY HALL,PRIVATE,MEDITATION HALL,23,PERIYASAMY ROAD,1000230400003
1000230100619,COMMUNITY HALL,PRIVATE,BISHOP MANDAPAM,23,THADAGAM ROAD,1000230400002
1000230100482,DAILY MARKET,CORPORATION,DAILY MARKET,23,GOULIBROWN ROAD,1000230400001
1000240100680,HOSPITAL,PRIVATE,SHANMUGA NURSING HOME,24,VENKATAKRISHNA ROAD,1000240400001
1000240101046,HOSPITAL,PRIVATE,RAJALAKSHMI NETHRALAYA EYE FOUNDATION,24,SUBRAMANIAM ROAD,1000240400002
1000240100867,HOSPITAL,CORPORATION,CORPORATION HOSPITAL,24,LANGAR KANA ROAD 1,1000240400003
1000240100758,HOSPITAL,CORPORATION,CORPORATION HOSPITAL,24,METTUPALAYAM ROAD,1000240400004
1000240100868,HOSPITAL,CORPORATION,MUNICIPAL DISPENSARY,24,LANGAR KANA ROAD 1,1000240400005
1000240101030,PLAY GROUND,CORPORATION,CORPORATION PLAY GROUND,24,SUBRAMANIAM ROAD,1000240400006
1000240100748,HOSPITAL,PRIVATE,ARUN DENTAL CLINIC,24,RANGE GOWDA STREET,1000240400007
1000240100766,HOSPITAL,PRIVATE,SATHYAVATHY HOSPITAL,24,LANGAR KANA ROAD 2,1000240400008
1000240100345,COMMUNITY HALL,CORPORATION,SAMUDHAYA KOODAM,24,D B ROAD,1000240400009
1000240100404,HOSPITAL,PRIVATE,RAJARAMAN HOSPITAL,24,D B ROAD,1000240400010
1000240100746,HOSPITAL,STATE,R K BAI HOSPITAL,24,THADAGAM ROAD,1000240400011
1000240100731,PARK,CORPORATION,GANDHI PARK,24,SUBRAMANIAM ROAD,1000240400012
1000240100692,MARRIAGE HALL,PRIVATE,GOURAVA MAHAJANA SANGAM KALYANA MANDAPAM,24,SUBRAMANIAM ROAD,1000240400013
1000240100595,HOSPITAL,PRIVATE,G S DENTAL CARE,24,RAMALINGAM ROAD,1000240400014
1000240100299,HOSPITAL,PRIVATE,ANNAI SARADHA HOSPITAL,24,THADAGAM ROAD,1000240400015
1000240100177,COMMUNITY HALL,CORPORATION,CORPORATION COMMUNITY HALL,24,V.O.C STREET,1000240400016
1000240100150,HOSPITAL,PRIVATE,K M POLYCLINIC,24,AROKYASAMY STREET,1000240400017
1000240100732,HEALTH CENTRE,CORPORATION,CORPORATION YOGA NILAYAM,24,THADAGAM ROAD,1000240400018